{"California": [["bakersfield", "http://bakersfield.craigslist.org"], ["chico", "http://chico.craigslist.org"], ["fresno / madera", "http://fresno.craigslist.org"], ["gold country", "http://goldcountry.craigslist.org"], ["hanford-corcoran", "http://hanford.craigslist.org"], ["humboldt county", "http://humboldt.craigslist.org"], ["imperial county", "http://imperial.craigslist.org"], ["inland empire", "http://inlandempire.craigslist.org"], ["los angeles", "http://losangeles.craigslist.org"], ["mendocino county", "http://mendocino.craigslist.org"], ["merced", "http://merced.craigslist.org"], ["modesto", "http://modesto.craigslist.org"], ["monterey bay", "http://monterey.craigslist.org"], ["orange county", "http://orangecounty.craigslist.org"], ["palm springs", "http://palmsprings.craigslist.org"], ["redding", "http://redding.craigslist.org"], ["sacramento", "http://sacramento.craigslist.org"], ["san diego", "http://sandiego.craigslist.org"], ["san francisco bay area", "http://sfbay.craigslist.org"], ["san luis obispo", "http://slo.craigslist.org"], ["santa barbara", "http://santabarbara.craigslist.org"], ["santa maria", "http://santamaria.craigslist.org"], ["siskiyou county", "http://siskiyou.craigslist.org"], ["stockton", "http://stockton.craigslist.org"], ["susanville", "http://susanville.craigslist.org"], ["ventura county", "http://ventura.craigslist.org"], ["visalia-tulare", "http://visalia.craigslist.org"], ["yuba-sutter", "http://yubasutter.craigslist.org"]]}
